{
    "Annualized Return": -0.0009324764847150613,
    "Annualized Volatility": 0.3656948741124183,
    "Annualized Sharpe Ratio": -0.11005936737270862,
    "Annualized Alpha (vs 6 factors)": -0.01256912061000396,
    "Information Ratio": -0.04191606927703839
}