{
    "Annualized Return": 0.0011950045727453507,
    "Annualized Volatility": 0.36647699849053816,
    "Annualized Sharpe Ratio": -0.10401925795017905,
    "Annualized Alpha (vs 6 factors)": -0.010762600932196635,
    "Information Ratio": -0.03581416257175145
}